EpochNum,StartTime,EndTime,BinaryLabels
0,2018-11-13 13:26:18,2018-11-13 13:26:23,-1.0
1,2018-11-13 13:26:23,2018-11-13 13:26:28,-1.0
2,2018-11-13 13:26:28,2018-11-13 13:26:33,1.0
3,2018-11-13 13:26:33,2018-11-13 13:26:38,-1.0
4,2018-11-13 13:26:38,2018-11-13 13:26:43,-1.0
5,2018-11-13 13:26:43,2018-11-13 13:26:48,-1.0
6,2018-11-13 13:26:48,2018-11-13 13:26:53,-1.0
7,2018-11-13 13:26:53,2018-11-13 13:26:58,-1.0
8,2018-11-13 13:26:58,2018-11-13 13:27:03,-1.0
9,2018-11-13 13:27:03,2018-11-13 13:27:08,-1.0
10,2018-11-13 13:27:08,2018-11-13 13:27:13,-1.0
11,2018-11-13 13:27:13,2018-11-13 13:27:18,-1.0
12,2018-11-13 13:27:18,2018-11-13 13:27:23,-1.0
13,2018-11-13 13:27:23,2018-11-13 13:27:28,-1.0
14,2018-11-13 13:27:28,2018-11-13 13:27:33,-1.0
15,2018-11-13 13:27:33,2018-11-13 13:27:38,-1.0
16,2018-11-13 13:27:38,2018-11-13 13:27:43,-1.0
17,2018-11-13 13:27:43,2018-11-13 13:27:48,-1.0
18,2018-11-13 13:27:48,2018-11-13 13:27:53,-1.0
19,2018-11-13 13:27:53,2018-11-13 13:27:58,-1.0
20,2018-11-13 13:27:58,2018-11-13 13:28:03,-1.0
21,2018-11-13 13:28:03,2018-11-13 13:28:08,-1.0
22,2018-11-13 13:28:08,2018-11-13 13:28:13,-1.0
23,2018-11-13 13:28:13,2018-11-13 13:28:18,-1.0
24,2018-11-13 13:28:18,2018-11-13 13:28:23,-1.0
25,2018-11-13 13:28:23,2018-11-13 13:28:28,-1.0
26,2018-11-13 13:28:28,2018-11-13 13:28:33,-1.0
27,2018-11-13 13:28:33,2018-11-13 13:28:38,-1.0
28,2018-11-13 13:28:38,2018-11-13 13:28:43,-1.0
29,2018-11-13 13:28:43,2018-11-13 13:28:48,-1.0
30,2018-11-13 13:28:48,2018-11-13 13:28:53,-1.0
31,2018-11-13 13:28:53,2018-11-13 13:28:58,-1.0
32,2018-11-13 13:28:58,2018-11-13 13:29:03,-1.0
33,2018-11-13 13:29:03,2018-11-13 13:29:08,-1.0
34,2018-11-13 13:29:08,2018-11-13 13:29:13,-1.0
35,2018-11-13 13:29:13,2018-11-13 13:29:18,-1.0
36,2018-11-13 13:29:18,2018-11-13 13:29:23,-1.0
37,2018-11-13 13:29:23,2018-11-13 13:29:28,1.0
38,2018-11-13 13:29:28,2018-11-13 13:29:33,1.0
39,2018-11-13 13:29:33,2018-11-13 13:29:38,1.0
40,2018-11-13 13:29:38,2018-11-13 13:29:43,1.0
41,2018-11-13 13:29:43,2018-11-13 13:29:48,1.0
42,2018-11-13 13:29:48,2018-11-13 13:29:53,1.0
43,2018-11-13 13:29:53,2018-11-13 13:29:58,1.0
44,2018-11-13 13:29:58,2018-11-13 13:30:03,1.0
45,2018-11-13 13:30:03,2018-11-13 13:30:08,1.0
46,2018-11-13 13:30:08,2018-11-13 13:30:13,1.0
47,2018-11-13 13:30:13,2018-11-13 13:30:18,1.0
48,2018-11-13 13:30:18,2018-11-13 13:30:23,1.0
49,2018-11-13 13:30:23,2018-11-13 13:30:28,1.0
50,2018-11-13 13:30:28,2018-11-13 13:30:33,1.0
51,2018-11-13 13:30:33,2018-11-13 13:30:38,1.0
52,2018-11-13 13:30:38,2018-11-13 13:30:43,1.0
53,2018-11-13 13:30:43,2018-11-13 13:30:48,1.0
54,2018-11-13 13:30:48,2018-11-13 13:30:53,1.0
55,2018-11-13 13:30:53,2018-11-13 13:30:58,1.0
56,2018-11-13 13:30:58,2018-11-13 13:31:03,1.0
57,2018-11-13 13:31:03,2018-11-13 13:31:08,1.0
58,2018-11-13 13:31:08,2018-11-13 13:31:13,1.0
59,2018-11-13 13:31:13,2018-11-13 13:31:18,1.0
60,2018-11-13 13:31:18,2018-11-13 13:31:23,1.0
61,2018-11-13 13:31:23,2018-11-13 13:31:28,1.0
62,2018-11-13 13:31:28,2018-11-13 13:31:33,1.0
63,2018-11-13 13:31:33,2018-11-13 13:31:38,1.0
64,2018-11-13 13:31:38,2018-11-13 13:31:43,1.0
65,2018-11-13 13:31:43,2018-11-13 13:31:48,1.0
66,2018-11-13 13:31:48,2018-11-13 13:31:53,1.0
67,2018-11-13 13:31:53,2018-11-13 13:31:58,1.0
68,2018-11-13 13:31:58,2018-11-13 13:32:03,1.0
69,2018-11-13 13:32:03,2018-11-13 13:32:08,1.0
70,2018-11-13 13:32:08,2018-11-13 13:32:13,1.0
71,2018-11-13 13:32:13,2018-11-13 13:32:18,1.0
72,2018-11-13 13:32:18,2018-11-13 13:32:23,1.0
73,2018-11-13 13:32:23,2018-11-13 13:32:28,1.0
74,2018-11-13 13:32:28,2018-11-13 13:32:33,1.0
75,2018-11-13 13:32:33,2018-11-13 13:32:38,1.0
76,2018-11-13 13:32:38,2018-11-13 13:32:43,1.0
77,2018-11-13 13:32:43,2018-11-13 13:32:48,1.0
78,2018-11-13 13:32:48,2018-11-13 13:32:53,1.0
79,2018-11-13 13:32:53,2018-11-13 13:32:58,1.0
80,2018-11-13 13:32:58,2018-11-13 13:33:03,1.0
81,2018-11-13 13:33:03,2018-11-13 13:33:08,1.0
82,2018-11-13 13:33:08,2018-11-13 13:33:13,1.0
83,2018-11-13 13:33:13,2018-11-13 13:33:18,1.0
84,2018-11-13 13:33:18,2018-11-13 13:33:23,1.0
85,2018-11-13 13:33:23,2018-11-13 13:33:28,1.0
86,2018-11-13 13:33:28,2018-11-13 13:33:33,1.0
87,2018-11-13 13:33:33,2018-11-13 13:33:38,1.0
88,2018-11-13 13:33:38,2018-11-13 13:33:43,1.0
89,2018-11-13 13:33:43,2018-11-13 13:33:48,1.0
90,2018-11-13 13:33:48,2018-11-13 13:33:53,1.0
91,2018-11-13 13:33:53,2018-11-13 13:33:58,1.0
92,2018-11-13 13:33:58,2018-11-13 13:34:03,1.0
93,2018-11-13 13:34:03,2018-11-13 13:34:08,1.0
94,2018-11-13 13:34:08,2018-11-13 13:34:13,1.0
95,2018-11-13 13:34:13,2018-11-13 13:34:18,1.0
96,2018-11-13 13:34:18,2018-11-13 13:34:23,1.0
97,2018-11-13 13:34:23,2018-11-13 13:34:28,1.0
98,2018-11-13 13:34:28,2018-11-13 13:34:33,1.0
99,2018-11-13 13:34:33,2018-11-13 13:34:38,1.0
100,2018-11-13 13:34:38,2018-11-13 13:34:43,1.0
101,2018-11-13 13:34:43,2018-11-13 13:34:48,1.0
102,2018-11-13 13:34:48,2018-11-13 13:34:53,1.0
103,2018-11-13 13:34:53,2018-11-13 13:34:58,1.0
104,2018-11-13 13:34:58,2018-11-13 13:35:03,1.0
105,2018-11-13 13:35:03,2018-11-13 13:35:08,1.0
106,2018-11-13 13:35:08,2018-11-13 13:35:13,1.0
107,2018-11-13 13:35:13,2018-11-13 13:35:18,1.0
108,2018-11-13 13:35:18,2018-11-13 13:35:23,1.0
109,2018-11-13 13:35:23,2018-11-13 13:35:28,1.0
110,2018-11-13 13:35:28,2018-11-13 13:35:33,1.0
111,2018-11-13 13:35:33,2018-11-13 13:35:38,1.0
112,2018-11-13 13:35:38,2018-11-13 13:35:43,1.0
113,2018-11-13 13:35:43,2018-11-13 13:35:48,1.0
114,2018-11-13 13:35:48,2018-11-13 13:35:53,1.0
115,2018-11-13 13:35:53,2018-11-13 13:35:58,1.0
116,2018-11-13 13:35:58,2018-11-13 13:36:03,1.0
117,2018-11-13 13:36:03,2018-11-13 13:36:08,1.0
118,2018-11-13 13:36:08,2018-11-13 13:36:13,1.0
119,2018-11-13 13:36:13,2018-11-13 13:36:18,1.0
120,2018-11-13 13:36:18,2018-11-13 13:36:23,1.0
121,2018-11-13 13:36:23,2018-11-13 13:36:28,1.0
122,2018-11-13 13:36:28,2018-11-13 13:36:33,1.0
123,2018-11-13 13:36:33,2018-11-13 13:36:38,1.0
124,2018-11-13 13:36:38,2018-11-13 13:36:43,1.0
125,2018-11-13 13:36:43,2018-11-13 13:36:48,1.0
126,2018-11-13 13:36:48,2018-11-13 13:36:53,1.0
127,2018-11-13 13:36:53,2018-11-13 13:36:58,1.0
128,2018-11-13 13:36:58,2018-11-13 13:37:03,1.0
129,2018-11-13 13:37:03,2018-11-13 13:37:08,1.0
130,2018-11-13 13:37:08,2018-11-13 13:37:13,1.0
131,2018-11-13 13:37:13,2018-11-13 13:37:18,1.0
132,2018-11-13 13:37:18,2018-11-13 13:37:23,1.0
133,2018-11-13 13:37:23,2018-11-13 13:37:28,1.0
134,2018-11-13 13:37:28,2018-11-13 13:37:33,1.0
135,2018-11-13 13:37:33,2018-11-13 13:37:38,1.0
136,2018-11-13 13:37:38,2018-11-13 13:37:43,1.0
137,2018-11-13 13:37:43,2018-11-13 13:37:48,1.0
138,2018-11-13 13:37:48,2018-11-13 13:37:53,1.0
139,2018-11-13 13:37:53,2018-11-13 13:37:58,1.0
140,2018-11-13 13:37:58,2018-11-13 13:38:03,1.0
141,2018-11-13 13:38:03,2018-11-13 13:38:08,1.0
142,2018-11-13 13:38:08,2018-11-13 13:38:13,1.0
143,2018-11-13 13:38:13,2018-11-13 13:38:18,1.0
144,2018-11-13 13:38:18,2018-11-13 13:38:23,1.0
145,2018-11-13 13:38:23,2018-11-13 13:38:28,1.0
146,2018-11-13 13:38:28,2018-11-13 13:38:33,1.0
147,2018-11-13 13:38:33,2018-11-13 13:38:38,1.0
148,2018-11-13 13:38:38,2018-11-13 13:38:43,1.0
149,2018-11-13 13:38:43,2018-11-13 13:38:48,1.0
150,2018-11-13 13:38:48,2018-11-13 13:38:53,1.0
151,2018-11-13 13:38:53,2018-11-13 13:38:58,1.0
152,2018-11-13 13:38:58,2018-11-13 13:39:03,1.0
153,2018-11-13 13:39:03,2018-11-13 13:39:08,1.0
154,2018-11-13 13:39:08,2018-11-13 13:39:13,1.0
155,2018-11-13 13:39:13,2018-11-13 13:39:18,1.0
156,2018-11-13 13:39:18,2018-11-13 13:39:23,1.0
157,2018-11-13 13:39:23,2018-11-13 13:39:28,1.0
158,2018-11-13 13:39:28,2018-11-13 13:39:33,1.0
159,2018-11-13 13:39:33,2018-11-13 13:39:38,1.0
160,2018-11-13 13:39:38,2018-11-13 13:39:43,1.0
161,2018-11-13 13:39:43,2018-11-13 13:39:48,1.0
162,2018-11-13 13:39:48,2018-11-13 13:39:53,1.0
163,2018-11-13 13:39:53,2018-11-13 13:39:58,1.0
164,2018-11-13 13:39:58,2018-11-13 13:40:03,1.0
165,2018-11-13 13:40:03,2018-11-13 13:40:08,1.0
166,2018-11-13 13:40:08,2018-11-13 13:40:13,1.0
167,2018-11-13 13:40:13,2018-11-13 13:40:18,1.0
168,2018-11-13 13:40:18,2018-11-13 13:40:23,1.0
169,2018-11-13 13:40:23,2018-11-13 13:40:28,1.0
170,2018-11-13 13:40:28,2018-11-13 13:40:33,1.0
171,2018-11-13 13:40:33,2018-11-13 13:40:38,1.0
172,2018-11-13 13:40:38,2018-11-13 13:40:43,1.0
173,2018-11-13 13:40:43,2018-11-13 13:40:48,1.0
174,2018-11-13 13:40:48,2018-11-13 13:40:53,-1.0
175,2018-11-13 13:40:53,2018-11-13 13:40:58,-1.0
176,2018-11-13 13:40:58,2018-11-13 13:41:03,1.0
177,2018-11-13 13:41:03,2018-11-13 13:41:08,1.0
178,2018-11-13 13:41:08,2018-11-13 13:41:13,1.0
179,2018-11-13 13:41:13,2018-11-13 13:41:18,1.0
180,2018-11-13 13:41:18,2018-11-13 13:41:23,1.0
181,2018-11-13 13:41:23,2018-11-13 13:41:28,1.0
182,2018-11-13 13:41:28,2018-11-13 13:41:33,1.0
183,2018-11-13 13:41:33,2018-11-13 13:41:38,1.0
184,2018-11-13 13:41:38,2018-11-13 13:41:43,1.0
185,2018-11-13 13:41:43,2018-11-13 13:41:48,1.0
186,2018-11-13 13:41:48,2018-11-13 13:41:53,1.0
187,2018-11-13 13:41:53,2018-11-13 13:41:58,1.0
188,2018-11-13 13:41:58,2018-11-13 13:42:03,1.0
189,2018-11-13 13:42:03,2018-11-13 13:42:08,1.0
190,2018-11-13 13:42:08,2018-11-13 13:42:13,1.0
191,2018-11-13 13:42:13,2018-11-13 13:42:18,1.0
192,2018-11-13 13:42:18,2018-11-13 13:42:23,1.0
193,2018-11-13 13:42:23,2018-11-13 13:42:28,1.0
194,2018-11-13 13:42:28,2018-11-13 13:42:33,1.0
195,2018-11-13 13:42:33,2018-11-13 13:42:38,1.0
196,2018-11-13 13:42:38,2018-11-13 13:42:43,1.0
197,2018-11-13 13:42:43,2018-11-13 13:42:48,1.0
198,2018-11-13 13:42:48,2018-11-13 13:42:53,1.0
199,2018-11-13 13:42:53,2018-11-13 13:42:58,1.0
200,2018-11-13 13:42:58,2018-11-13 13:43:03,1.0
201,2018-11-13 13:43:03,2018-11-13 13:43:08,1.0
202,2018-11-13 13:43:08,2018-11-13 13:43:13,1.0
203,2018-11-13 13:43:13,2018-11-13 13:43:18,-1.0
204,2018-11-13 13:43:18,2018-11-13 13:43:23,1.0
205,2018-11-13 13:43:23,2018-11-13 13:43:28,1.0
206,2018-11-13 13:43:28,2018-11-13 13:43:33,1.0
207,2018-11-13 13:43:33,2018-11-13 13:43:38,1.0
208,2018-11-13 13:43:38,2018-11-13 13:43:43,1.0
209,2018-11-13 13:43:43,2018-11-13 13:43:48,1.0
210,2018-11-13 13:43:48,2018-11-13 13:43:53,1.0
211,2018-11-13 13:43:53,2018-11-13 13:43:58,1.0
212,2018-11-13 13:43:58,2018-11-13 13:44:03,1.0
213,2018-11-13 13:44:03,2018-11-13 13:44:08,1.0
214,2018-11-13 13:44:08,2018-11-13 13:44:13,1.0
215,2018-11-13 13:44:13,2018-11-13 13:44:18,1.0
216,2018-11-13 13:44:18,2018-11-13 13:44:23,1.0
217,2018-11-13 13:44:23,2018-11-13 13:44:28,1.0
218,2018-11-13 13:44:28,2018-11-13 13:44:33,1.0
219,2018-11-13 13:44:33,2018-11-13 13:44:38,1.0
220,2018-11-13 13:44:38,2018-11-13 13:44:43,1.0
221,2018-11-13 13:44:43,2018-11-13 13:44:48,1.0
222,2018-11-13 13:44:48,2018-11-13 13:44:53,1.0
223,2018-11-13 13:44:53,2018-11-13 13:44:58,1.0
224,2018-11-13 13:44:58,2018-11-13 13:45:03,1.0
225,2018-11-13 13:45:03,2018-11-13 13:45:08,1.0
226,2018-11-13 13:45:08,2018-11-13 13:45:13,1.0
227,2018-11-13 13:45:13,2018-11-13 13:45:18,1.0
228,2018-11-13 13:45:18,2018-11-13 13:45:23,1.0
229,2018-11-13 13:45:23,2018-11-13 13:45:28,1.0
230,2018-11-13 13:45:28,2018-11-13 13:45:33,1.0
231,2018-11-13 13:45:33,2018-11-13 13:45:38,1.0
232,2018-11-13 13:45:38,2018-11-13 13:45:43,1.0
233,2018-11-13 13:45:43,2018-11-13 13:45:48,1.0
234,2018-11-13 13:45:48,2018-11-13 13:45:53,-1.0
235,2018-11-13 13:45:53,2018-11-13 13:45:58,1.0
236,2018-11-13 13:45:58,2018-11-13 13:46:03,1.0
237,2018-11-13 13:46:03,2018-11-13 13:46:08,1.0
238,2018-11-13 13:46:08,2018-11-13 13:46:13,1.0
239,2018-11-13 13:46:13,2018-11-13 13:46:18,1.0
240,2018-11-13 13:46:18,2018-11-13 13:46:23,1.0
241,2018-11-13 13:46:23,2018-11-13 13:46:28,1.0
242,2018-11-13 13:46:28,2018-11-13 13:46:33,1.0
243,2018-11-13 13:46:33,2018-11-13 13:46:38,1.0
244,2018-11-13 13:46:38,2018-11-13 13:46:43,1.0
245,2018-11-13 13:46:43,2018-11-13 13:46:48,1.0
246,2018-11-13 13:46:48,2018-11-13 13:46:53,1.0
247,2018-11-13 13:46:53,2018-11-13 13:46:58,1.0
248,2018-11-13 13:46:58,2018-11-13 13:47:03,1.0
249,2018-11-13 13:47:03,2018-11-13 13:47:08,1.0
250,2018-11-13 13:47:08,2018-11-13 13:47:13,1.0
251,2018-11-13 13:47:13,2018-11-13 13:47:18,1.0
252,2018-11-13 13:47:18,2018-11-13 13:47:23,1.0
253,2018-11-13 13:47:23,2018-11-13 13:47:28,1.0
254,2018-11-13 13:47:28,2018-11-13 13:47:33,1.0
255,2018-11-13 13:47:33,2018-11-13 13:47:38,1.0
256,2018-11-13 13:47:38,2018-11-13 13:47:43,1.0
257,2018-11-13 13:47:43,2018-11-13 13:47:48,1.0
258,2018-11-13 13:47:48,2018-11-13 13:47:53,1.0
259,2018-11-13 13:47:53,2018-11-13 13:47:58,1.0
260,2018-11-13 13:47:58,2018-11-13 13:48:03,1.0
261,2018-11-13 13:48:03,2018-11-13 13:48:08,1.0
262,2018-11-13 13:48:08,2018-11-13 13:48:13,1.0
263,2018-11-13 13:48:13,2018-11-13 13:48:18,1.0
264,2018-11-13 13:48:18,2018-11-13 13:48:23,1.0
265,2018-11-13 13:48:23,2018-11-13 13:48:28,1.0
266,2018-11-13 13:48:28,2018-11-13 13:48:33,1.0
267,2018-11-13 13:48:33,2018-11-13 13:48:38,1.0
268,2018-11-13 13:48:38,2018-11-13 13:48:43,1.0
269,2018-11-13 13:48:43,2018-11-13 13:48:48,1.0
270,2018-11-13 13:48:48,2018-11-13 13:48:53,1.0
271,2018-11-13 13:48:53,2018-11-13 13:48:58,1.0
272,2018-11-13 13:48:58,2018-11-13 13:49:03,1.0
273,2018-11-13 13:49:03,2018-11-13 13:49:08,1.0
274,2018-11-13 13:49:08,2018-11-13 13:49:13,1.0
275,2018-11-13 13:49:13,2018-11-13 13:49:18,1.0
276,2018-11-13 13:49:18,2018-11-13 13:49:23,1.0
277,2018-11-13 13:49:23,2018-11-13 13:49:28,1.0
278,2018-11-13 13:49:28,2018-11-13 13:49:33,1.0
279,2018-11-13 13:49:33,2018-11-13 13:49:38,1.0
280,2018-11-13 13:49:38,2018-11-13 13:49:43,1.0
281,2018-11-13 13:49:43,2018-11-13 13:49:48,1.0
282,2018-11-13 13:49:48,2018-11-13 13:49:53,1.0
283,2018-11-13 13:49:53,2018-11-13 13:49:58,1.0
284,2018-11-13 13:49:58,2018-11-13 13:50:03,1.0
285,2018-11-13 13:50:03,2018-11-13 13:50:08,1.0
286,2018-11-13 13:50:08,2018-11-13 13:50:13,1.0
287,2018-11-13 13:50:13,2018-11-13 13:50:18,1.0
288,2018-11-13 13:50:18,2018-11-13 13:50:23,1.0
289,2018-11-13 13:50:23,2018-11-13 13:50:28,1.0
290,2018-11-13 13:50:28,2018-11-13 13:50:33,1.0
291,2018-11-13 13:50:33,2018-11-13 13:50:38,1.0
292,2018-11-13 13:50:38,2018-11-13 13:50:43,1.0
293,2018-11-13 13:50:43,2018-11-13 13:50:48,1.0
294,2018-11-13 13:50:48,2018-11-13 13:50:53,1.0
295,2018-11-13 13:50:53,2018-11-13 13:50:58,1.0
296,2018-11-13 13:50:58,2018-11-13 13:51:03,1.0
297,2018-11-13 13:51:03,2018-11-13 13:51:08,1.0
298,2018-11-13 13:51:08,2018-11-13 13:51:13,1.0
299,2018-11-13 13:51:13,2018-11-13 13:51:18,1.0
300,2018-11-13 13:51:18,2018-11-13 13:51:23,-1.0
301,2018-11-13 13:51:23,2018-11-13 13:51:28,-1.0
302,2018-11-13 13:51:28,2018-11-13 13:51:33,1.0
303,2018-11-13 13:51:33,2018-11-13 13:51:38,1.0
304,2018-11-13 13:51:38,2018-11-13 13:51:43,1.0
305,2018-11-13 13:51:43,2018-11-13 13:51:48,1.0
306,2018-11-13 13:51:48,2018-11-13 13:51:53,1.0
307,2018-11-13 13:51:53,2018-11-13 13:51:58,-1.0
308,2018-11-13 13:51:58,2018-11-13 13:52:03,1.0
309,2018-11-13 13:52:03,2018-11-13 13:52:08,1.0
310,2018-11-13 13:52:08,2018-11-13 13:52:13,1.0
311,2018-11-13 13:52:13,2018-11-13 13:52:18,1.0
312,2018-11-13 13:52:18,2018-11-13 13:52:23,1.0
313,2018-11-13 13:52:23,2018-11-13 13:52:28,1.0
314,2018-11-13 13:52:28,2018-11-13 13:52:33,1.0
315,2018-11-13 13:52:33,2018-11-13 13:52:38,1.0
316,2018-11-13 13:52:38,2018-11-13 13:52:43,1.0
317,2018-11-13 13:52:43,2018-11-13 13:52:48,1.0
318,2018-11-13 13:52:48,2018-11-13 13:52:53,1.0
319,2018-11-13 13:52:53,2018-11-13 13:52:58,1.0
320,2018-11-13 13:52:58,2018-11-13 13:53:03,1.0
321,2018-11-13 13:53:03,2018-11-13 13:53:08,1.0
322,2018-11-13 13:53:08,2018-11-13 13:53:13,1.0
323,2018-11-13 13:53:13,2018-11-13 13:53:18,1.0
324,2018-11-13 13:53:18,2018-11-13 13:53:23,1.0
325,2018-11-13 13:53:23,2018-11-13 13:53:28,1.0
326,2018-11-13 13:53:28,2018-11-13 13:53:33,1.0
327,2018-11-13 13:53:33,2018-11-13 13:53:38,1.0
328,2018-11-13 13:53:38,2018-11-13 13:53:43,1.0
329,2018-11-13 13:53:43,2018-11-13 13:53:48,1.0
330,2018-11-13 13:53:48,2018-11-13 13:53:53,1.0
331,2018-11-13 13:53:53,2018-11-13 13:53:58,1.0
332,2018-11-13 13:53:58,2018-11-13 13:54:03,-1.0
333,2018-11-13 13:54:03,2018-11-13 13:54:08,1.0
334,2018-11-13 13:54:08,2018-11-13 13:54:13,1.0
335,2018-11-13 13:54:13,2018-11-13 13:54:18,1.0
336,2018-11-13 13:54:18,2018-11-13 13:54:23,1.0
337,2018-11-13 13:54:23,2018-11-13 13:54:28,1.0
338,2018-11-13 13:54:28,2018-11-13 13:54:33,1.0
339,2018-11-13 13:54:33,2018-11-13 13:54:38,1.0
340,2018-11-13 13:54:38,2018-11-13 13:54:43,1.0
341,2018-11-13 13:54:43,2018-11-13 13:54:48,1.0
342,2018-11-13 13:54:48,2018-11-13 13:54:53,1.0
343,2018-11-13 13:54:53,2018-11-13 13:54:58,1.0
344,2018-11-13 13:54:58,2018-11-13 13:55:03,1.0
345,2018-11-13 13:55:03,2018-11-13 13:55:08,1.0
346,2018-11-13 13:55:08,2018-11-13 13:55:13,1.0
347,2018-11-13 13:55:13,2018-11-13 13:55:18,1.0
348,2018-11-13 13:55:18,2018-11-13 13:55:23,1.0
349,2018-11-13 13:55:23,2018-11-13 13:55:28,1.0
350,2018-11-13 13:55:28,2018-11-13 13:55:33,1.0
351,2018-11-13 13:55:33,2018-11-13 13:55:38,1.0
352,2018-11-13 13:55:38,2018-11-13 13:55:43,1.0
353,2018-11-13 13:55:43,2018-11-13 13:55:48,1.0
354,2018-11-13 13:55:48,2018-11-13 13:55:53,1.0
355,2018-11-13 13:55:53,2018-11-13 13:55:58,1.0
356,2018-11-13 13:55:58,2018-11-13 13:56:03,1.0
357,2018-11-13 13:56:03,2018-11-13 13:56:08,1.0
358,2018-11-13 13:56:08,2018-11-13 13:56:13,1.0
359,2018-11-13 13:56:13,2018-11-13 13:56:18,1.0
360,2018-11-13 13:56:18,2018-11-13 13:56:23,1.0
361,2018-11-13 13:56:23,2018-11-13 13:56:28,1.0
362,2018-11-13 13:56:28,2018-11-13 13:56:33,1.0
363,2018-11-13 13:56:33,2018-11-13 13:56:38,1.0
364,2018-11-13 13:56:38,2018-11-13 13:56:43,1.0
365,2018-11-13 13:56:43,2018-11-13 13:56:48,1.0
366,2018-11-13 13:56:48,2018-11-13 13:56:53,1.0
367,2018-11-13 13:56:53,2018-11-13 13:56:58,1.0
368,2018-11-13 13:56:58,2018-11-13 13:57:03,1.0
369,2018-11-13 13:57:03,2018-11-13 13:57:08,1.0
370,2018-11-13 13:57:08,2018-11-13 13:57:13,1.0
371,2018-11-13 13:57:13,2018-11-13 13:57:18,1.0
372,2018-11-13 13:57:18,2018-11-13 13:57:23,1.0
373,2018-11-13 13:57:23,2018-11-13 13:57:28,1.0
374,2018-11-13 13:57:28,2018-11-13 13:57:33,1.0
375,2018-11-13 13:57:33,2018-11-13 13:57:38,1.0
376,2018-11-13 13:57:38,2018-11-13 13:57:43,1.0
377,2018-11-13 13:57:43,2018-11-13 13:57:48,1.0
378,2018-11-13 13:57:48,2018-11-13 13:57:53,1.0
379,2018-11-13 13:57:53,2018-11-13 13:57:58,1.0
380,2018-11-13 13:57:58,2018-11-13 13:58:03,1.0
381,2018-11-13 13:58:03,2018-11-13 13:58:08,1.0
382,2018-11-13 13:58:08,2018-11-13 13:58:13,1.0
383,2018-11-13 13:58:13,2018-11-13 13:58:18,1.0
384,2018-11-13 13:58:18,2018-11-13 13:58:23,1.0
385,2018-11-13 13:58:23,2018-11-13 13:58:28,1.0
386,2018-11-13 13:58:28,2018-11-13 13:58:33,1.0
387,2018-11-13 13:58:33,2018-11-13 13:58:38,1.0
388,2018-11-13 13:58:38,2018-11-13 13:58:43,1.0
389,2018-11-13 13:58:43,2018-11-13 13:58:48,1.0
390,2018-11-13 13:58:48,2018-11-13 13:58:53,1.0
391,2018-11-13 13:58:53,2018-11-13 13:58:58,1.0
392,2018-11-13 13:58:58,2018-11-13 13:59:03,1.0
393,2018-11-13 13:59:03,2018-11-13 13:59:08,1.0
394,2018-11-13 13:59:08,2018-11-13 13:59:13,1.0
395,2018-11-13 13:59:13,2018-11-13 13:59:18,1.0
396,2018-11-13 13:59:18,2018-11-13 13:59:23,1.0
397,2018-11-13 13:59:23,2018-11-13 13:59:28,1.0
398,2018-11-13 13:59:28,2018-11-13 13:59:33,1.0
399,2018-11-13 13:59:33,2018-11-13 13:59:38,1.0
400,2018-11-13 13:59:38,2018-11-13 13:59:43,1.0
401,2018-11-13 13:59:43,2018-11-13 13:59:48,1.0
402,2018-11-13 13:59:48,2018-11-13 13:59:53,1.0
403,2018-11-13 13:59:53,2018-11-13 13:59:58,1.0
404,2018-11-13 13:59:58,2018-11-13 14:00:03,1.0
405,2018-11-13 14:00:03,2018-11-13 14:00:08,1.0
406,2018-11-13 14:00:08,2018-11-13 14:00:13,1.0
407,2018-11-13 14:00:13,2018-11-13 14:00:18,1.0
408,2018-11-13 14:00:18,2018-11-13 14:00:23,1.0
409,2018-11-13 14:00:23,2018-11-13 14:00:28,1.0
410,2018-11-13 14:00:28,2018-11-13 14:00:33,1.0
411,2018-11-13 14:00:33,2018-11-13 14:00:38,1.0
412,2018-11-13 14:00:38,2018-11-13 14:00:43,1.0
413,2018-11-13 14:00:43,2018-11-13 14:00:48,1.0
414,2018-11-13 14:00:48,2018-11-13 14:00:53,1.0
415,2018-11-13 14:00:53,2018-11-13 14:00:58,1.0
416,2018-11-13 14:00:58,2018-11-13 14:01:03,1.0
417,2018-11-13 14:01:03,2018-11-13 14:01:08,1.0
418,2018-11-13 14:01:08,2018-11-13 14:01:13,1.0
419,2018-11-13 14:01:13,2018-11-13 14:01:18,1.0
420,2018-11-13 14:01:18,2018-11-13 14:01:23,1.0
421,2018-11-13 14:01:23,2018-11-13 14:01:28,1.0
422,2018-11-13 14:01:28,2018-11-13 14:01:33,1.0
423,2018-11-13 14:01:33,2018-11-13 14:01:38,1.0
424,2018-11-13 14:01:38,2018-11-13 14:01:43,1.0
425,2018-11-13 14:01:43,2018-11-13 14:01:48,1.0
426,2018-11-13 14:01:48,2018-11-13 14:01:53,1.0
427,2018-11-13 14:01:53,2018-11-13 14:01:58,1.0
428,2018-11-13 14:01:58,2018-11-13 14:02:03,1.0
429,2018-11-13 14:02:03,2018-11-13 14:02:08,1.0
430,2018-11-13 14:02:08,2018-11-13 14:02:13,1.0
431,2018-11-13 14:02:13,2018-11-13 14:02:18,1.0
432,2018-11-13 14:02:18,2018-11-13 14:02:23,1.0
433,2018-11-13 14:02:23,2018-11-13 14:02:28,1.0
434,2018-11-13 14:02:28,2018-11-13 14:02:33,1.0
435,2018-11-13 14:02:33,2018-11-13 14:02:38,1.0
436,2018-11-13 14:02:38,2018-11-13 14:02:43,1.0
437,2018-11-13 14:02:43,2018-11-13 14:02:48,1.0
438,2018-11-13 14:02:48,2018-11-13 14:02:53,1.0
439,2018-11-13 14:02:53,2018-11-13 14:02:58,1.0
440,2018-11-13 14:02:58,2018-11-13 14:03:03,1.0
441,2018-11-13 14:03:03,2018-11-13 14:03:08,1.0
442,2018-11-13 14:03:08,2018-11-13 14:03:13,1.0
443,2018-11-13 14:03:13,2018-11-13 14:03:18,1.0
444,2018-11-13 14:03:18,2018-11-13 14:03:23,1.0
445,2018-11-13 14:03:23,2018-11-13 14:03:28,1.0
446,2018-11-13 14:03:28,2018-11-13 14:03:33,1.0
447,2018-11-13 14:03:33,2018-11-13 14:03:38,1.0
448,2018-11-13 14:03:38,2018-11-13 14:03:43,1.0
449,2018-11-13 14:03:43,2018-11-13 14:03:48,1.0
450,2018-11-13 14:03:48,2018-11-13 14:03:53,1.0
451,2018-11-13 14:03:53,2018-11-13 14:03:58,1.0
452,2018-11-13 14:03:58,2018-11-13 14:04:03,1.0
453,2018-11-13 14:04:03,2018-11-13 14:04:08,1.0
454,2018-11-13 14:04:08,2018-11-13 14:04:13,1.0
455,2018-11-13 14:04:13,2018-11-13 14:04:18,1.0
456,2018-11-13 14:04:18,2018-11-13 14:04:23,1.0
457,2018-11-13 14:04:23,2018-11-13 14:04:28,1.0
458,2018-11-13 14:04:28,2018-11-13 14:04:33,1.0
459,2018-11-13 14:04:33,2018-11-13 14:04:38,1.0
460,2018-11-13 14:04:38,2018-11-13 14:04:43,1.0
461,2018-11-13 14:04:43,2018-11-13 14:04:48,1.0
462,2018-11-13 14:04:48,2018-11-13 14:04:53,1.0
463,2018-11-13 14:04:53,2018-11-13 14:04:58,1.0
464,2018-11-13 14:04:58,2018-11-13 14:05:03,1.0
465,2018-11-13 14:05:03,2018-11-13 14:05:08,1.0
466,2018-11-13 14:05:08,2018-11-13 14:05:13,1.0
467,2018-11-13 14:05:13,2018-11-13 14:05:18,1.0
468,2018-11-13 14:05:18,2018-11-13 14:05:23,1.0
469,2018-11-13 14:05:23,2018-11-13 14:05:28,1.0
470,2018-11-13 14:05:28,2018-11-13 14:05:33,1.0
471,2018-11-13 14:05:33,2018-11-13 14:05:38,1.0
472,2018-11-13 14:05:38,2018-11-13 14:05:43,1.0
473,2018-11-13 14:05:43,2018-11-13 14:05:48,1.0
474,2018-11-13 14:05:48,2018-11-13 14:05:53,1.0
475,2018-11-13 14:05:53,2018-11-13 14:05:58,1.0
476,2018-11-13 14:05:58,2018-11-13 14:06:03,1.0
477,2018-11-13 14:06:03,2018-11-13 14:06:08,1.0
478,2018-11-13 14:06:08,2018-11-13 14:06:13,1.0
479,2018-11-13 14:06:13,2018-11-13 14:06:18,1.0
480,2018-11-13 14:06:18,2018-11-13 14:06:23,1.0
481,2018-11-13 14:06:23,2018-11-13 14:06:28,1.0
482,2018-11-13 14:06:28,2018-11-13 14:06:33,1.0
483,2018-11-13 14:06:33,2018-11-13 14:06:38,1.0
484,2018-11-13 14:06:38,2018-11-13 14:06:43,1.0
485,2018-11-13 14:06:43,2018-11-13 14:06:48,1.0
486,2018-11-13 14:06:48,2018-11-13 14:06:53,1.0
487,2018-11-13 14:06:53,2018-11-13 14:06:58,1.0
488,2018-11-13 14:06:58,2018-11-13 14:07:03,1.0
489,2018-11-13 14:07:03,2018-11-13 14:07:08,1.0
490,2018-11-13 14:07:08,2018-11-13 14:07:13,1.0
491,2018-11-13 14:07:13,2018-11-13 14:07:18,1.0
492,2018-11-13 14:07:18,2018-11-13 14:07:23,1.0
493,2018-11-13 14:07:23,2018-11-13 14:07:28,1.0
494,2018-11-13 14:07:28,2018-11-13 14:07:33,1.0
495,2018-11-13 14:07:33,2018-11-13 14:07:38,1.0
496,2018-11-13 14:07:38,2018-11-13 14:07:43,1.0
497,2018-11-13 14:07:43,2018-11-13 14:07:48,1.0
498,2018-11-13 14:07:48,2018-11-13 14:07:53,1.0
499,2018-11-13 14:07:53,2018-11-13 14:07:58,1.0
500,2018-11-13 14:07:58,2018-11-13 14:08:03,1.0
501,2018-11-13 14:08:03,2018-11-13 14:08:08,1.0
502,2018-11-13 14:08:08,2018-11-13 14:08:13,1.0
503,2018-11-13 14:08:13,2018-11-13 14:08:18,1.0
504,2018-11-13 14:08:18,2018-11-13 14:08:23,1.0
505,2018-11-13 14:08:23,2018-11-13 14:08:28,1.0
506,2018-11-13 14:08:28,2018-11-13 14:08:33,1.0
507,2018-11-13 14:08:33,2018-11-13 14:08:38,1.0
508,2018-11-13 14:08:38,2018-11-13 14:08:43,1.0
509,2018-11-13 14:08:43,2018-11-13 14:08:48,1.0
510,2018-11-13 14:08:48,2018-11-13 14:08:53,1.0
511,2018-11-13 14:08:53,2018-11-13 14:08:58,1.0
512,2018-11-13 14:08:58,2018-11-13 14:09:03,1.0
513,2018-11-13 14:09:03,2018-11-13 14:09:08,1.0
514,2018-11-13 14:09:08,2018-11-13 14:09:13,1.0
515,2018-11-13 14:09:13,2018-11-13 14:09:18,1.0
516,2018-11-13 14:09:18,2018-11-13 14:09:23,1.0
517,2018-11-13 14:09:23,2018-11-13 14:09:28,1.0
518,2018-11-13 14:09:28,2018-11-13 14:09:33,1.0
519,2018-11-13 14:09:33,2018-11-13 14:09:38,1.0
520,2018-11-13 14:09:38,2018-11-13 14:09:43,1.0
521,2018-11-13 14:09:43,2018-11-13 14:09:48,1.0
522,2018-11-13 14:09:48,2018-11-13 14:09:53,1.0
523,2018-11-13 14:09:53,2018-11-13 14:09:58,1.0
524,2018-11-13 14:09:58,2018-11-13 14:10:03,1.0
525,2018-11-13 14:10:03,2018-11-13 14:10:08,1.0
526,2018-11-13 14:10:08,2018-11-13 14:10:13,1.0
527,2018-11-13 14:10:13,2018-11-13 14:10:18,1.0
528,2018-11-13 14:10:18,2018-11-13 14:10:23,1.0
529,2018-11-13 14:10:23,2018-11-13 14:10:28,1.0
530,2018-11-13 14:10:28,2018-11-13 14:10:33,1.0
531,2018-11-13 14:10:33,2018-11-13 14:10:38,1.0
532,2018-11-13 14:10:38,2018-11-13 14:10:43,1.0
533,2018-11-13 14:10:43,2018-11-13 14:10:48,1.0
534,2018-11-13 14:10:48,2018-11-13 14:10:53,1.0
535,2018-11-13 14:10:53,2018-11-13 14:10:58,1.0
536,2018-11-13 14:10:58,2018-11-13 14:11:03,1.0
537,2018-11-13 14:11:03,2018-11-13 14:11:08,1.0
538,2018-11-13 14:11:08,2018-11-13 14:11:13,1.0
539,2018-11-13 14:11:13,2018-11-13 14:11:18,1.0
540,2018-11-13 14:11:18,2018-11-13 14:11:23,1.0
541,2018-11-13 14:11:23,2018-11-13 14:11:28,1.0
542,2018-11-13 14:11:28,2018-11-13 14:11:33,1.0
543,2018-11-13 14:11:33,2018-11-13 14:11:38,1.0
544,2018-11-13 14:11:38,2018-11-13 14:11:43,1.0
545,2018-11-13 14:11:43,2018-11-13 14:11:48,1.0
546,2018-11-13 14:11:48,2018-11-13 14:11:53,1.0
547,2018-11-13 14:11:53,2018-11-13 14:11:58,1.0
548,2018-11-13 14:11:58,2018-11-13 14:12:03,1.0
549,2018-11-13 14:12:03,2018-11-13 14:12:08,1.0
550,2018-11-13 14:12:08,2018-11-13 14:12:13,1.0
551,2018-11-13 14:12:13,2018-11-13 14:12:18,1.0
552,2018-11-13 14:12:18,2018-11-13 14:12:23,1.0
553,2018-11-13 14:12:23,2018-11-13 14:12:28,1.0
554,2018-11-13 14:12:28,2018-11-13 14:12:33,1.0
555,2018-11-13 14:12:33,2018-11-13 14:12:38,1.0
556,2018-11-13 14:12:38,2018-11-13 14:12:43,-1.0
557,2018-11-13 14:12:43,2018-11-13 14:12:48,1.0
558,2018-11-13 14:12:48,2018-11-13 14:12:53,-1.0
559,2018-11-13 14:12:53,2018-11-13 14:12:58,1.0
560,2018-11-13 14:12:58,2018-11-13 14:13:03,1.0
561,2018-11-13 14:13:03,2018-11-13 14:13:08,1.0
562,2018-11-13 14:13:08,2018-11-13 14:13:13,-1.0
563,2018-11-13 14:13:13,2018-11-13 14:13:18,-1.0
564,2018-11-13 14:13:18,2018-11-13 14:13:23,1.0
565,2018-11-13 14:13:23,2018-11-13 14:13:28,1.0
566,2018-11-13 14:13:28,2018-11-13 14:13:33,1.0
567,2018-11-13 14:13:33,2018-11-13 14:13:38,1.0
568,2018-11-13 14:13:38,2018-11-13 14:13:43,-1.0
569,2018-11-13 14:13:43,2018-11-13 14:13:48,1.0
570,2018-11-13 14:13:48,2018-11-13 14:13:53,1.0
571,2018-11-13 14:13:53,2018-11-13 14:13:58,1.0
572,2018-11-13 14:13:58,2018-11-13 14:14:03,1.0
573,2018-11-13 14:14:03,2018-11-13 14:14:08,1.0
574,2018-11-13 14:14:08,2018-11-13 14:14:13,1.0
575,2018-11-13 14:14:13,2018-11-13 14:14:18,1.0
576,2018-11-13 14:14:18,2018-11-13 14:14:23,1.0
577,2018-11-13 14:14:23,2018-11-13 14:14:28,1.0
578,2018-11-13 14:14:28,2018-11-13 14:14:33,-1.0
579,2018-11-13 14:14:33,2018-11-13 14:14:38,1.0
580,2018-11-13 14:14:38,2018-11-13 14:14:43,-1.0
581,2018-11-13 14:14:43,2018-11-13 14:14:48,1.0
582,2018-11-13 14:14:48,2018-11-13 14:14:53,-1.0
583,2018-11-13 14:14:53,2018-11-13 14:14:58,1.0
584,2018-11-13 14:14:58,2018-11-13 14:15:03,1.0
585,2018-11-13 14:15:03,2018-11-13 14:15:08,1.0
586,2018-11-13 14:15:08,2018-11-13 14:15:13,1.0
587,2018-11-13 14:15:13,2018-11-13 14:15:18,1.0
588,2018-11-13 14:15:18,2018-11-13 14:15:23,1.0
589,2018-11-13 14:15:23,2018-11-13 14:15:28,1.0
590,2018-11-13 14:15:28,2018-11-13 14:15:33,1.0
591,2018-11-13 14:15:33,2018-11-13 14:15:38,1.0
592,2018-11-13 14:15:38,2018-11-13 14:15:43,1.0
593,2018-11-13 14:15:43,2018-11-13 14:15:48,1.0
594,2018-11-13 14:15:48,2018-11-13 14:15:53,1.0
595,2018-11-13 14:15:53,2018-11-13 14:15:58,1.0
596,2018-11-13 14:15:58,2018-11-13 14:16:03,1.0
597,2018-11-13 14:16:03,2018-11-13 14:16:08,1.0
598,2018-11-13 14:16:08,2018-11-13 14:16:13,1.0
599,2018-11-13 14:16:13,2018-11-13 14:16:18,1.0
600,2018-11-13 14:16:18,2018-11-13 14:16:23,1.0
601,2018-11-13 14:16:23,2018-11-13 14:16:28,1.0
602,2018-11-13 14:16:28,2018-11-13 14:16:33,1.0
603,2018-11-13 14:16:33,2018-11-13 14:16:38,1.0
604,2018-11-13 14:16:38,2018-11-13 14:16:43,1.0
605,2018-11-13 14:16:43,2018-11-13 14:16:48,1.0
606,2018-11-13 14:16:48,2018-11-13 14:16:53,1.0
607,2018-11-13 14:16:53,2018-11-13 14:16:58,1.0
608,2018-11-13 14:16:58,2018-11-13 14:17:03,1.0
609,2018-11-13 14:17:03,2018-11-13 14:17:08,1.0
610,2018-11-13 14:17:08,2018-11-13 14:17:13,1.0
611,2018-11-13 14:17:13,2018-11-13 14:17:18,1.0
612,2018-11-13 14:17:18,2018-11-13 14:17:23,1.0
613,2018-11-13 14:17:23,2018-11-13 14:17:28,1.0
614,2018-11-13 14:17:28,2018-11-13 14:17:33,1.0
615,2018-11-13 14:17:33,2018-11-13 14:17:38,1.0
616,2018-11-13 14:17:38,2018-11-13 14:17:43,1.0
617,2018-11-13 14:17:43,2018-11-13 14:17:48,1.0
618,2018-11-13 14:17:48,2018-11-13 14:17:53,1.0
619,2018-11-13 14:17:53,2018-11-13 14:17:58,1.0
620,2018-11-13 14:17:58,2018-11-13 14:18:03,-1.0
621,2018-11-13 14:18:03,2018-11-13 14:18:08,1.0
622,2018-11-13 14:18:08,2018-11-13 14:18:13,-1.0
623,2018-11-13 14:18:13,2018-11-13 14:18:18,1.0
624,2018-11-13 14:18:18,2018-11-13 14:18:23,1.0
625,2018-11-13 14:18:23,2018-11-13 14:18:28,1.0
626,2018-11-13 14:18:28,2018-11-13 14:18:33,1.0
627,2018-11-13 14:18:33,2018-11-13 14:18:38,1.0
628,2018-11-13 14:18:38,2018-11-13 14:18:43,1.0
629,2018-11-13 14:18:43,2018-11-13 14:18:48,1.0
630,2018-11-13 14:18:48,2018-11-13 14:18:53,1.0
631,2018-11-13 14:18:53,2018-11-13 14:18:58,1.0
632,2018-11-13 14:18:58,2018-11-13 14:19:03,1.0
633,2018-11-13 14:19:03,2018-11-13 14:19:08,1.0
634,2018-11-13 14:19:08,2018-11-13 14:19:13,1.0
635,2018-11-13 14:19:13,2018-11-13 14:19:18,1.0
636,2018-11-13 14:19:18,2018-11-13 14:19:23,1.0
637,2018-11-13 14:19:23,2018-11-13 14:19:28,1.0
638,2018-11-13 14:19:28,2018-11-13 14:19:33,1.0
639,2018-11-13 14:19:33,2018-11-13 14:19:38,1.0
640,2018-11-13 14:19:38,2018-11-13 14:19:43,1.0
641,2018-11-13 14:19:43,2018-11-13 14:19:48,1.0
642,2018-11-13 14:19:48,2018-11-13 14:19:53,1.0
643,2018-11-13 14:19:53,2018-11-13 14:19:58,1.0
644,2018-11-13 14:19:58,2018-11-13 14:20:03,1.0
645,2018-11-13 14:20:03,2018-11-13 14:20:08,1.0
646,2018-11-13 14:20:08,2018-11-13 14:20:13,-1.0
647,2018-11-13 14:20:13,2018-11-13 14:20:18,1.0
648,2018-11-13 14:20:18,2018-11-13 14:20:23,1.0
649,2018-11-13 14:20:23,2018-11-13 14:20:28,1.0
650,2018-11-13 14:20:28,2018-11-13 14:20:33,1.0
651,2018-11-13 14:20:33,2018-11-13 14:20:38,1.0
652,2018-11-13 14:20:38,2018-11-13 14:20:43,1.0
653,2018-11-13 14:20:43,2018-11-13 14:20:48,1.0
654,2018-11-13 14:20:48,2018-11-13 14:20:53,1.0
655,2018-11-13 14:20:53,2018-11-13 14:20:58,1.0
656,2018-11-13 14:20:58,2018-11-13 14:21:03,1.0
657,2018-11-13 14:21:03,2018-11-13 14:21:08,1.0
658,2018-11-13 14:21:08,2018-11-13 14:21:13,1.0
659,2018-11-13 14:21:13,2018-11-13 14:21:18,1.0
660,2018-11-13 14:21:18,2018-11-13 14:21:23,1.0
661,2018-11-13 14:21:23,2018-11-13 14:21:28,1.0
662,2018-11-13 14:21:28,2018-11-13 14:21:33,1.0
663,2018-11-13 14:21:33,2018-11-13 14:21:38,1.0
664,2018-11-13 14:21:38,2018-11-13 14:21:43,1.0
665,2018-11-13 14:21:43,2018-11-13 14:21:48,1.0
666,2018-11-13 14:21:48,2018-11-13 14:21:53,1.0
667,2018-11-13 14:21:53,2018-11-13 14:21:58,1.0
668,2018-11-13 14:21:58,2018-11-13 14:22:03,1.0
669,2018-11-13 14:22:03,2018-11-13 14:22:08,1.0
670,2018-11-13 14:22:08,2018-11-13 14:22:13,1.0
671,2018-11-13 14:22:13,2018-11-13 14:22:18,1.0
672,2018-11-13 14:22:18,2018-11-13 14:22:23,-1.0
673,2018-11-13 14:22:23,2018-11-13 14:22:28,-1.0
674,2018-11-13 14:22:28,2018-11-13 14:22:33,-1.0
675,2018-11-13 14:22:33,2018-11-13 14:22:38,1.0
676,2018-11-13 14:22:38,2018-11-13 14:22:43,1.0
677,2018-11-13 14:22:43,2018-11-13 14:22:48,1.0
678,2018-11-13 14:22:48,2018-11-13 14:22:53,1.0
679,2018-11-13 14:22:53,2018-11-13 14:22:58,-1.0
680,2018-11-13 14:22:58,2018-11-13 14:23:03,-1.0
681,2018-11-13 14:23:03,2018-11-13 14:23:08,-1.0
682,2018-11-13 14:23:08,2018-11-13 14:23:13,1.0
683,2018-11-13 14:23:13,2018-11-13 14:23:18,-1.0
684,2018-11-13 14:23:18,2018-11-13 14:23:23,-1.0
685,2018-11-13 14:23:23,2018-11-13 14:23:28,-1.0
686,2018-11-13 14:23:28,2018-11-13 14:23:33,-1.0
687,2018-11-13 14:23:33,2018-11-13 14:23:38,1.0
688,2018-11-13 14:23:38,2018-11-13 14:23:43,-1.0
689,2018-11-13 14:23:43,2018-11-13 14:23:48,-1.0
690,2018-11-13 14:23:48,2018-11-13 14:23:53,1.0
691,2018-11-13 14:23:53,2018-11-13 14:23:58,1.0
692,2018-11-13 14:23:58,2018-11-13 14:24:03,1.0
693,2018-11-13 14:24:03,2018-11-13 14:24:08,1.0
694,2018-11-13 14:24:08,2018-11-13 14:24:13,1.0
695,2018-11-13 14:24:13,2018-11-13 14:24:18,1.0
696,2018-11-13 14:24:18,2018-11-13 14:24:23,1.0
697,2018-11-13 14:24:23,2018-11-13 14:24:28,-1.0
698,2018-11-13 14:24:28,2018-11-13 14:24:33,-1.0
699,2018-11-13 14:24:33,2018-11-13 14:24:38,1.0
700,2018-11-13 14:24:38,2018-11-13 14:24:43,1.0
701,2018-11-13 14:24:43,2018-11-13 14:24:48,1.0
702,2018-11-13 14:24:48,2018-11-13 14:24:53,-1.0
703,2018-11-13 14:24:53,2018-11-13 14:24:58,-1.0
704,2018-11-13 14:24:58,2018-11-13 14:25:03,1.0
705,2018-11-13 14:25:03,2018-11-13 14:25:08,1.0
706,2018-11-13 14:25:08,2018-11-13 14:25:13,1.0
707,2018-11-13 14:25:13,2018-11-13 14:25:18,1.0
708,2018-11-13 14:25:18,2018-11-13 14:25:23,1.0
709,2018-11-13 14:25:23,2018-11-13 14:25:28,1.0
710,2018-11-13 14:25:28,2018-11-13 14:25:33,1.0
711,2018-11-13 14:25:33,2018-11-13 14:25:38,1.0
712,2018-11-13 14:25:38,2018-11-13 14:25:43,1.0
713,2018-11-13 14:25:43,2018-11-13 14:25:48,1.0
714,2018-11-13 14:25:48,2018-11-13 14:25:53,1.0
715,2018-11-13 14:25:53,2018-11-13 14:25:58,1.0
716,2018-11-13 14:25:58,2018-11-13 14:26:03,1.0
717,2018-11-13 14:26:03,2018-11-13 14:26:08,1.0
718,2018-11-13 14:26:08,2018-11-13 14:26:13,1.0
719,2018-11-13 14:26:13,2018-11-13 14:26:18,-1.0
720,2018-11-13 14:26:18,2018-11-13 14:26:23,1.0
721,2018-11-13 14:26:23,2018-11-13 14:26:28,1.0
722,2018-11-13 14:26:28,2018-11-13 14:26:33,1.0
723,2018-11-13 14:26:33,2018-11-13 14:26:38,1.0
724,2018-11-13 14:26:38,2018-11-13 14:26:43,1.0
725,2018-11-13 14:26:43,2018-11-13 14:26:48,1.0
726,2018-11-13 14:26:48,2018-11-13 14:26:53,1.0
727,2018-11-13 14:26:53,2018-11-13 14:26:58,1.0
728,2018-11-13 14:26:58,2018-11-13 14:27:03,1.0
729,2018-11-13 14:27:03,2018-11-13 14:27:08,1.0
730,2018-11-13 14:27:08,2018-11-13 14:27:13,1.0
731,2018-11-13 14:27:13,2018-11-13 14:27:18,1.0
732,2018-11-13 14:27:18,2018-11-13 14:27:23,1.0
733,2018-11-13 14:27:23,2018-11-13 14:27:28,-1.0
734,2018-11-13 14:27:28,2018-11-13 14:27:33,1.0
735,2018-11-13 14:27:33,2018-11-13 14:27:38,1.0
736,2018-11-13 14:27:38,2018-11-13 14:27:43,1.0
737,2018-11-13 14:27:43,2018-11-13 14:27:48,1.0
738,2018-11-13 14:27:48,2018-11-13 14:27:53,1.0
739,2018-11-13 14:27:53,2018-11-13 14:27:58,1.0
740,2018-11-13 14:27:58,2018-11-13 14:28:03,1.0
741,2018-11-13 14:28:03,2018-11-13 14:28:08,1.0
742,2018-11-13 14:28:08,2018-11-13 14:28:13,-1.0
743,2018-11-13 14:28:13,2018-11-13 14:28:18,-1.0
744,2018-11-13 14:28:18,2018-11-13 14:28:23,-1.0
745,2018-11-13 14:28:23,2018-11-13 14:28:28,-1.0
746,2018-11-13 14:28:28,2018-11-13 14:28:33,-1.0
747,2018-11-13 14:28:33,2018-11-13 14:28:38,-1.0
748,2018-11-13 14:28:38,2018-11-13 14:28:43,-1.0
749,2018-11-13 14:28:43,2018-11-13 14:28:48,-1.0
750,2018-11-13 14:28:48,2018-11-13 14:28:53,-1.0
751,2018-11-13 14:28:53,2018-11-13 14:28:58,-1.0
752,2018-11-13 14:28:58,2018-11-13 14:29:03,-1.0
753,2018-11-13 14:29:03,2018-11-13 14:29:08,-1.0
754,2018-11-13 14:29:08,2018-11-13 14:29:13,-1.0
